<?xml version="1.0" encoding="UTF-8"?>	
<RestTemplate>
	<project>developer</project>
	<module>user</module>
	<business>checkRole</business>
	<version>v1</version>
	<method>get</method>
	<url>http://www.abc.com/developer/index/check/${targetUrl}</url>
	<!--
		<url>http://www.abc.com/${targetUrl}</url>
	-->
	<request>
		<header>
			<![CDATA[
				<#assign clientId = "abcd1234">
				{
					"clientId":"${clientId}",
					"appId":"MBK00001020",
					"timestamp":${timestamp},
					"sign":${sign},
					"Content-Type":"application/json"
				}	
			]]>
		</header>
		<body>
			<![CDATA[
				{
					"pageNum": ${pageNum},
					"pageSize": ${pageSize},
					"appDetailsName": "${appDetailsName}",
					"appDetailsApplicationId":"${appDetailsApplicationId}"
				}
			]]>
		</body>
		<!-- http请求前的插件，可以对参数做签名等个性化处理 -->
		<prePlugin>com.hshbic.open.plugin.HeaderSignPlugin</prePlugin>	
	</request>  
	<response>
		<result>
			<![CDATA[
				<#if ${response.httpStatus} eq 200 || ${response.httpStatus} eq 201 >
					{
						"access_token": "${response.content.data.access_token}",
						"expires_in": "${response.content.data.expires_in}",									
						"uhome_access_token": "${response.content.data.uhome_access_token}",
						"uhome_user_id": "${response.content.data.uhome_user_id}"
					}
				<#else>
					{
						"retCode":${response.content.retCode},
						"retInfo":${response.content.retInfo},
						"data":""
					}
				</#if>			
			]]>
		</result>
		<!-- http接口响应后的插件，可以对响应的内容做解密等个性化处理 -->
		<postPlugin>com.hshbic.open.plugin.ResponseDecodePlugin</postPlugin>
	</response>
</RestTemplate>